SNo,ObservationDate,Province/State,Country/Region,Last Update,Confirmed,Deaths,Recovered
1,01/22/2020,Hubei,Mainland China,01/22/2020 09:00,37,1,14
2,01/23/2020,Hubei,Mainland China,01/23/2020 09:00,66,1,26
3,01/24/2020,Hubei,Mainland China,01/24/2020 09:00,160,3,62
4,01/25/2020,Hubei,Mainland China,01/25/2020 09:00,211,3,84
5,01/26/2020,Hubei,Mainland China,01/26/2020 21:00,281,4,108
6,01/27/2020,Hubei,Mainland China,01/27/2020 09:00,315,5,123
7,01/28/2020,Hubei,Mainland China,01/28/2020 09:00,343,5,135
8,01/29/2020,Hubei,Mainland China,01/29/2020 21:00,384,5,153
9,01/30/2020,Hubei,Mainland China,01/30/2020 09:00,427,6,167
10,01/31/2020,Hubei,Mainland China,01/31/2020 17:00,443,6,173
11,02/01/2020,Hubei,Mainland China,02/01/2020 17:00,480,7,194
12,02/02/2020,Hubei,Mainland China,02/02/2020 21:00,486,7,196
13,02/03/2020,Hubei,Mainland China,02/03/2020 17:00,569,8,237
14,02/04/2020,Hubei,Mainland China,02/04/2020 09:00,645,11,281
15,02/05/2020,Hubei,Mainland China,02/05/2020 09:00,667,14,293
16,02/06/2020,Hubei,Mainland China,02/06/2020 17:00,729,15,313
17,02/07/2020,Hubei,Mainland China,02/07/2020 17:00,757,15,324
18,02/08/2020,Hubei,Mainland China,02/08/2020 21:00,808,17,347
19,02/09/2020,Hubei,Mainland China,02/09/2020 21:00,862,19,374
20,02/10/2020,Hubei,Mainland China,02/10/2020 09:00,943,20,407
21,02/11/2020,Hubei,Mainland China,02/11/2020 17:00,990,22,430
22,02/12/2020,Hubei,Mainland China,02/12/2020 17:00,1005,22,436
23,02/13/2020,Hubei,Mainland China,02/13/2020 17:00,1096,25,474
24,02/14/2020,Hubei,Mainland China,02/14/2020 21:00,1119,26,486
25,02/15/2020,Hubei,Mainland China,02/15/2020 21:00,1163,27,502
26,02/16/2020,Hubei,Mainland China,02/16/2020 21:00,1205,27,524
27,02/17/2020,Hubei,Mainland China,02/17/2020 17:00,1225,27,533
28,02/18/2020,Hubei,Mainland China,02/18/2020 09:00,1275,27,550
29,02/19/2020,Hubei,Mainland China,02/19/2020 09:00,1327,30,568
30,02/20/2020,Hubei,Mainland China,02/20/2020 09:00,1379,32,584
31,02/21/2020,Hubei,Mainland China,02/21/2020 21:00,1443,37,609
32,02/22/2020,Hubei,Mainland China,02/22/2020 17:00,1446,37,610
33,02/23/2020,Hubei,Mainland China,02/23/2020 09:00,1482,37,623
34,02/24/2020,Hubei,Mainland China,02/24/2020 17:00,1535,41,643
35,02/25/2020,Hubei,Mainland China,02/25/2020 21:00,1582,42,664
36,02/26/2020,Hubei,Mainland China,02/26/2020 21:00,1621,43,683
37,02/27/2020,Hubei,Mainland China,02/27/2020 21:00,1661,43,697
38,02/28/2020,Hubei,Mainland China,02/28/2020 09:00,1689,44,708
39,02/29/2020,Hubei,Mainland China,02/29/2020 21:00,1705,44,717
40,03/01/2020,Hubei,Mainland China,03/01/2020 17:00,1749,44,732
41,03/02/2020,Hubei,Mainland China,03/02/2020 09:00,1768,29,741
42,03/03/2020,Hubei,Mainland China,03/03/2020 21:00,1835,47,761
43,03/04/2020,Hubei,Mainland China,03/04/2020 09:00,1900,47,784
44,03/05/2020,Hubei,Mainland China,03/05/2020 09:00,1933,47,795
45,03/06/2020,Hubei,Mainland China,03/06/2020 17:00,1936,47,796
46,03/07/2020,Hubei,Mainland China,03/07/2020 21:00,1954,48,804
47,03/08/2020,Hubei,Mainland China,03/08/2020 21:00,1968,48,809
48,03/09/2020,Hubei,Mainland China,03/09/2020 17:00,2032,50,841
49,03/10/2020,Hubei,Mainland China,03/10/2020 09:00,2055,51,851
50,03/11/2020,Hubei,Mainland China,03/11/2020 09:00,2128,53,888
51,03/12/2020,Hubei,Mainland China,03/12/2020 21:00,2187,55,923
52,03/13/2020,Hubei,Mainland China,03/13/2020 21:00,2271,57,957
53,03/14/2020,Hubei,Mainland China,03/14/2020 17:00,2315,59,970
54,03/15/2020,Hubei,Mainland China,03/15/2020 17:00,2383,61,996
55,03/16/2020,Hubei,Mainland China,03/16/2020 21:00,2428,62,1018
56,03/17/2020,Hubei,Mainland China,03/17/2020 09:00,2504,64,1042
57,03/18/2020,Hubei,Mainland China,03/18/2020 09:00,2571,66,1063
58,03/19/2020,Hubei,Mainland China,03/19/2020 21:00,2612,67,1077
59,03/20/2020,Hubei,Mainland China,03/20/2020 09:00,2660,68,1091
60,03/21/2020,Hubei,Mainland China,03/21/2020 17:00,2717,69,1123
61,03/22/2020,Hubei,Mainland China,03/22/2020 09:00,2717,70,1123
62,03/23/2020,Hubei,Mainland China,03/23/2020 17:00,2783,71,1152
63,03/24/2020,Hubei,Mainland China,03/24/2020 21:00,2861,72,1184
64,03/25/2020,Hubei,Mainland China,03/25/2020 21:00,2913,72,1207
65,03/26/2020,Hubei,Mainland China,03/26/2020 21:00,2976,73,1238
66,03/27/2020,Hubei,Mainland China,03/27/2020 09:00,2981,73,1240
67,03/28/2020,Hubei,Mainland China,03/28/2020 21:00,3064,76,1278
68,03/29/2020,Hubei,Mainland China,03/29/2020 21:00,3074,76,1283
69,03/30/2020,Hubei,Mainland China,03/30/2020 09:00,3133,79,1308
70,03/31/2020,Hubei,Mainland China,03/31/2020 21:00,3180,81,1323
71,04/01/2020,Hubei,Mainland China,04/01/2020 09:00,3229,82,1349
72,04/02/2020,Hubei,Mainland China,04/02/2020 17:00,3292,85,1372
73,04/03/2020,Hubei,Mainland China,04/03/2020 21:00,3353,87,1391
74,04/04/2020,Hubei,Mainland China,04/04/2020 09:00,3403,88,1412
75,04/05/2020,Hubei,Mainland China,04/05/2020 17:00,3419,89,1419
76,04/06/2020,Hubei,Mainland China,04/06/2020 17:00,3467,91,1447
77,04/07/2020,Hubei,Mainland China,04/07/2020 21:00,3557,93,1499
78,04/08/2020,Hubei,Mainland China,04/08/2020 21:00,3609,94,1522
79,04/09/2020,Hubei,Mainland China,04/09/2020 09:00,3659,94,1542
80,04/10/2020,Hubei,Mainland China,04/10/2020 17:00,3739,95,1575
81,04/11/2020,Hubei,Mainland China,04/11/2020 21:00,3792,99,1605
82,04/12/2020,Hubei,Mainland China,04/12/2020 17:00,3833,100,1618
83,04/13/2020,Hubei,Mainland China,04/13/2020 21:00,3908,102,1643
84,04/14/2020,Hubei,Mainland China,04/14/2020 17:00,3952,103,1660
85,04/15/2020,Hubei,Mainland China,04/15/2020 09:00,4006,104,1690
86,04/16/2020,Hubei,Mainland China,04/16/2020 17:00,4068,104,1713
87,04/17/2020,Hubei,Mainland China,04/17/2020 09:00,4119,105,1738
88,04/18/2020,Hubei,Mainland China,04/18/2020 09:00,4198,106,1784
89,04/19/2020,Hubei,Mainland China,04/19/2020 09:00,4233,106,1803
90,04/20/2020,Hubei,Mainland China,04/20/2020 09:00,4259,107,1817
91,01/22/2020,Guangdong,Mainland China,01/22/2020 21:00,17,2,8
92,01/23/2020,Guangdong,Mainland China,01/23/2020 17:00,38,2,16
93,01/24/2020,Guangdong,Mainland China,01/24/2020 21:00,48,2,20
94,01/25/2020,Guangdong,Mainland China,01/25/2020 09:00,90,3,44
95,01/26/2020,Guangdong,Mainland China,01/26/2020 21:00,108,3,49
96,01/27/2020,Guangdong,Mainland China,01/27/2020 17:00,142,3,61
97,01/28/2020,Guangdong,Mainland China,01/28/2020 09:00,147,3,62
98,01/29/2020,Guangdong,Mainland China,01/29/2020 09:00,183,4,81
99,01/30/2020,Guangdong,Mainland China,01/30/2020 09:00,211,5,93
100,01/31/2020,Guangdong,Mainland China,01/31/2020 17:00,227,7,98
101,02/01/2020,Guangdong,Mainland China,02/01/2020 21:00,249,7,107
102,02/02/2020,Guangdong,Mainland China,02/02/2020 09:00,265,7,112
103,02/03/2020,Guangdong,Mainland China,02/03/2020 09:00,298,8,123
104,02/04/2020,Guangdong,Mainland China,02/04/2020 17:00,325,8,131
105,02/05/2020,Guangdong,Mainland China,02/05/2020 21:00,374,10,154
106,02/06/2020,Guangdong,Mainland China,02/06/2020 09:00,407,11,169
107,02/07/2020,Guangdong,Mainland China,02/07/2020 09:00,432,12,182
108,02/08/2020,Guangdong,Mainland China,02/08/2020 17:00,454,13,189
109,02/09/2020,Guangdong,Mainland China,02/09/2020 17:00,476,13,201
110,02/10/2020,Guangdong,Mainland China,02/10/2020 17:00,495,15,208
111,02/11/2020,Guangdong,Mainland China,02/11/2020 21:00,530,16,225
112,02/12/2020,Guangdong,Mainland China,02/12/2020 09:00,568,16,238
113,02/13/2020,Guangdong,Mainland China,02/13/2020 17:00,595,17,251
114,02/14/2020,Guangdong,Mainland China,02/14/2020 17:00,610,17,259
115,02/15/2020,Guangdong,Mainland China,02/15/2020 17:00,646,18,278
116,02/16/2020,Guangdong,Mainland China,02/16/2020 17:00,681,18,296
117,02/17/2020,Guangdong,Mainland China,02/17/2020 21:00,692,19,302
118,02/18/2020,Guangdong,Mainland China,02/18/2020 09:00,724,19,313
119,02/19/2020,Guangdong,Mainland China,02/19/2020 21:00,750,19,324
120,02/20/2020,Guangdong,Mainland China,02/20/2020 09:00,771,19,333
121,02/21/2020,Guangdong,Mainland China,02/21/2020 17:00,795,19,346
122,02/22/2020,Guangdong,Mainland China,02/22/2020 09:00,805,19,351
123,02/23/2020,Guangdong,Mainland China,02/23/2020 09:00,829,19,358
124,02/24/2020,Guangdong,Mainland China,02/24/2020 21:00,874,20,382
125,02/25/2020,Guangdong,Mainland China,02/25/2020 17:00,907,22,394
126,02/26/2020,Guangdong,Mainland China,02/26/2020 21:00,958,22,422
127,02/27/2020,Guangdong,Mainland China,02/27/2020 21:00,990,23,438
128,02/28/2020,Guangdong,Mainland China,02/28/2020 21:00,1010,24,446
129,02/29/2020,Guangdong,Mainland China,02/29/2020 21:00,1034,24,460
130,03/01/2020,Guangdong,Mainland China,03/01/2020 21:00,1044,25,463
131,03/02/2020,Guangdong,Mainland China,03/02/2020 09:00,1074,25,476
132,03/03/2020,Guangdong,Mainland China,03/03/2020 09:00,1111,25,498
133,03/04/2020,Guangdong,Mainland China,03/04/2020 09:00,1133,26,507
134,03/05/2020,Guangdong,Mainland China,03/05/2020 21:00,1154,26,513
135,03/06/2020,Guangdong,Mainland China,03/06/2020 21:00,1183,26,523
136,03/07/2020,Guangdong,Mainland China,03/07/2020 17:00,1199,26,529
137,03/08/2020,Guangdong,Mainland China,03/08/2020 09:00,1216,26,538
138,03/09/2020,Guangdong,Mainland China,03/09/2020 09:00,1243,26,549
139,03/10/2020,Guangdong,Mainland China,03/10/2020 09:00,1255,27,553
140,03/11/2020,Guangdong,Mainland China,03/11/2020 21:00,1298,28,567
141,03/12/2020,Guangdong,Mainland China,03/12/2020 17:00,1310,28,573
142,03/13/2020,Guangdong,Mainland China,03/13/2020 17:00,1352,29,593
143,03/14/2020,Guangdong,Mainland China,03/14/2020 09:00,1373,30,602
144,03/15/2020,Guangdong,Mainland China,03/15/2020 21:00,1397,31,610
145,03/16/2020,Guangdong,Mainland China,03/16/2020 21:00,1414,31,618
146,03/17/2020,Guangdong,Mainland China,03/17/2020 21:00,1442,32,628
147,03/18/2020,Guangdong,Mainland China,03/18/2020 21:00,1448,32,631
148,03/19/2020,Guangdong,Mainland China,03/19/2020 09:00,1469,33,640
149,03/20/2020,Guangdong,Mainland China,03/20/2020 21:00,1515,34,663
150,03/21/2020,Guangdong,Mainland China,03/21/2020 17:00,1533,34,673
151,03/22/2020,Guangdong,Mainland China,03/22/2020 09:00,1562,35,687
152,03/23/2020,Guangdong,Mainland China,03/23/2020 17:00,1581,36,697
153,03/24/2020,Guangdong,Mainland China,03/24/2020 09:00,1606,36,709
154,03/25/2020,Guangdong,Mainland China,03/25/2020 17:00,1606,36,709
155,03/26/2020,Guangdong,Mainland China,03/26/2020 21:00,1637,36,718
156,03/27/2020,Guangdong,Mainland China,03/27/2020 21:00,1674,37,730
157,03/28/2020,Guangdong,Mainland China,03/28/2020 17:00,1685,37,733
158,03/29/2020,Guangdong,Mainland China,03/29/2020 17:00,1714,38,749
159,03/30/2020,Guangdong,Mainland China,03/30/2020 21:00,1745,38,760
160,03/31/2020,Guangdong,Mainland China,03/31/2020 17:00,1754,38,763
161,04/01/2020,Guangdong,Mainland China,04/01/2020 17:00,1772,38,770
162,04/02/2020,Guangdong,Mainland China,04/02/2020 09:00,1807,39,788
163,04/03/2020,Guangdong,Mainland China,04/03/2020 17:00,1833,40,796
164,04/04/2020,Guangdong,Mainland China,04/04/2020 17:00,1849,40,801
165,04/05/2020,Guangdong,Mainland China,04/05/2020 21:00,1887,40,816
166,04/06/2020,Guangdong,Mainland China,04/06/2020 17:00,1932,43,832
167,04/07/2020,Guangdong,Mainland China,04/07/2020 21:00,1958,43,841
168,04/08/2020,Guangdong,Mainland China,04/08/2020 21:00,1982,43,853
169,04/09/2020,Guangdong,Mainland China,04/09/2020 09:00,2000,43,862
170,04/10/2020,Guangdong,Mainland China,04/10/2020 09:00,2022,47,874
171,04/11/2020,Guangdong,Mainland China,04/11/2020 17:00,2063,49,893
172,04/12/2020,Guangdong,Mainland China,04/12/2020 09:00,2084,49,901
173,04/13/2020,Guangdong,Mainland China,04/13/2020 09:00,2107,49,909
174,04/14/2020,Guangdong,Mainland China,04/14/2020 09:00,2114,49,913
175,04/15/2020,Guangdong,Mainland China,04/15/2020 17:00,2149,51,929
176,04/16/2020,Guangdong,Mainland China,04/16/2020 09:00,2186,52,940
177,04/17/2020,Guangdong,Mainland China,04/17/2020 09:00,2213,52,953
178,04/18/2020,Guangdong,Mainland China,04/18/2020 17:00,2228,52,958
179,04/19/2020,Guangdong,Mainland China,04/19/2020 17:00,2245,53,966
180,04/20/2020,Guangdong,Mainland China,04/20/2020 17:00,2261,53,974
181,01/22/2020,Zhejiang,Mainland China,01/22/2020 09:00,10,1,5
182,01/23/2020,Zhejiang,Mainland China,01/23/2020 09:00,30,1,16
183,01/24/2020,Zhejiang,Mainland China,01/24/2020 21:00,34,1,17
184,01/25/2020,Zhejiang,Mainland China,01/25/2020 17:00,47,1,22
185,01/26/2020,Zhejiang,Mainland China,01/26/2020 17:00,59,1,27
186,01/27/2020,Zhejiang,Mainland China,01/27/2020 21:00,62,1,28
187,01/28/2020,Zhejiang,Mainland China,01/28/2020 21:00,79,1,36
188,01/29/2020,Zhejiang,Mainland China,01/29/2020 17:00,92,1,42
189,01/30/2020,Zhejiang,Mainland China,01/30/2020 09:00,102,1,46
190,01/31/2020,Zhejiang,Mainland China,01/31/2020 17:00,116,2,51
191,02/01/2020,Zhejiang,Mainland China,02/01/2020 17:00,126,3,54
192,02/02/2020,Zhejiang,Mainland China,02/02/2020 21:00,144,3,62
193,02/03/2020,Zhejiang,Mainland China,02/03/2020 09:00,159,3,68
194,02/04/2020,Zhejiang,Mainland China,02/04/2020 21:00,175,4,73
195,02/05/2020,Zhejiang,Mainland China,02/05/2020 09:00,178,4,74
196,02/06/2020,Zhejiang,Mainland China,02/06/2020 21:00,187,4,79
197,02/07/2020,Zhejiang,Mainland China,02/07/2020 09:00,198,4,83
198,02/08/2020,Zhejiang,Mainland China,02/08/2020 21:00,204,4,85
199,02/09/2020,Zhejiang,Mainland China,02/09/2020 09:00,211,4,88
200,02/10/2020,Zhejiang,Mainland China,02/10/2020 09:00,226,4,92
201,02/11/2020,Zhejiang,Mainland China,02/11/2020 09:00,233,4,94
202,02/12/2020,Zhejiang,Mainland China,02/12/2020 09:00,242,4,97
203,02/13/2020,Zhejiang,Mainland China,02/13/2020 09:00,251,4,101
204,02/14/2020,Zhejiang,Mainland China,02/14/2020 09:00,262,4,107
205,02/15/2020,Zhejiang,Mainland China,02/15/2020 17:00,273,4,112
206,02/16/2020,Zhejiang,Mainland China,02/16/2020 21:00,289,5,120
207,02/17/2020,Zhejiang,Mainland China,02/17/2020 17:00,292,5,121
208,02/18/2020,Zhejiang,Mainland China,02/18/2020 17:00,315,5,132
209,02/19/2020,Zhejiang,Mainland China,02/19/2020 09:00,329,6,140
210,02/20/2020,Zhejiang,Mainland China,02/20/2020 17:00,347,6,147
211,02/21/2020,Zhejiang,Mainland China,02/21/2020 09:00,354,7,149
212,02/22/2020,Zhejiang,Mainland China,02/22/2020 17:00,359,7,151
213,02/23/2020,Zhejiang,Mainland China,02/23/2020 09:00,367,8,154
214,02/24/2020,Zhejiang,Mainland China,02/24/2020 21:00,377,8,157
215,02/25/2020,Zhejiang,Mainland China,02/25/2020 17:00,391,8,164
216,02/26/2020,Zhejiang,Mainland China,02/26/2020 17:00,411,8,170
217,02/27/2020,Zhejiang,Mainland China,02/27/2020 17:00,425,8,174
218,02/28/2020,Zhejiang,Mainland China,02/28/2020 17:00,434,8,179
219,02/29/2020,Zhejiang,Mainland China,02/29/2020 21:00,451,8,188
220,03/01/2020,Zhejiang,Mainland China,03/01/2020 09:00,463,9,192
221,03/02/2020,Zhejiang,Mainland China,03/02/2020 17:00,479,9,197
222,03/03/2020,Zhejiang,Mainland China,03/03/2020 09:00,488,10,200
223,03/04/2020,Zhejiang,Mainland China,03/04/2020 21:00,496,10,203
224,03/05/2020,Zhejiang,Mainland China,03/05/2020 17:00,505,10,206
225,03/06/2020,Zhejiang,Mainland China,03/06/2020 21:00,516,10,210
226,03/07/2020,Zhejiang,Mainland China,03/07/2020 17:00,530,10,216
227,03/08/2020,Zhejiang,Mainland China,03/08/2020 09:00,537,10,218
228,03/09/2020,Zhejiang,Mainland China,03/09/2020 21:00,542,10,220
229,03/10/2020,Zhejiang,Mainland China,03/10/2020 21:00,552,10,225
230,03/11/2020,Zhejiang,Mainland China,03/11/2020 21:00,561,10,229
231,03/12/2020,Zhejiang,Mainland China,03/12/2020 09:00,570,10,233
232,03/13/2020,Zhejiang,Mainland China,03/13/2020 21:00,588,12,243
233,03/14/2020,Zhejiang,Mainland China,03/14/2020 17:00,597,12,247
234,03/15/2020,Zhejiang,Mainland China,03/15/2020 17:00,610,13,252
235,03/16/2020,Zhejiang,Mainland China,03/16/2020 21:00,619,13,256
236,03/17/2020,Zhejiang,Mainland China,03/17/2020 21:00,626,13,259
237,03/18/2020,Zhejiang,Mainland China,03/18/2020 09:00,645,13,270
238,03/19/2020,Zhejiang,Mainland China,03/19/2020 17:00,660,13,276
239,03/20/2020,Zhejiang,Mainland China,03/20/2020 17:00,669,13,278
240,03/21/2020,Zhejiang,Mainland China,03/21/2020 21:00,676,13,280
241,03/22/2020,Zhejiang,Mainland China,03/22/2020 21:00,684,13,282
242,03/23/2020,Zhejiang,Mainland China,03/23/2020 09:00,693,13,286
243,03/24/2020,Zhejiang,Mainland China,03/24/2020 21:00,713,13,292
244,03/25/2020,Zhejiang,Mainland China,03/25/2020 09:00,722,13,296
245,03/26/2020,Zhejiang,Mainland China,03/26/2020 17:00,740,13,305
246,03/27/2020,Zhejiang,Mainland China,03/27/2020 21:00,760,13,311
247,03/28/2020,Zhejiang,Mainland China,03/28/2020 17:00,768,13,314
248,03/29/2020,Zhejiang,Mainland China,03/29/2020 21:00,783,13,321
249,03/30/2020,Zhejiang,Mainland China,03/30/2020 21:00,802,15,328
250,03/31/2020,Zhejiang,Mainland China,03/31/2020 17:00,812,15,333
251,04/01/2020,Zhejiang,Mainland China,04/01/2020 21:00,825,15,339
252,04/02/2020,Zhejiang,Mainland China,04/02/2020 17:00,836,15,345
253,04/03/2020,Zhejiang,Mainland China,04/03/2020 21:00,840,15,346
254,04/04/2020,Zhejiang,Mainland China,04/04/2020 17:00,842,15,347
255,04/05/2020,Zhejiang,Mainland China,04/05/2020 21:00,846,15,348
256,04/06/2020,Zhejiang,Mainland China,04/06/2020 21:00,855,15,351
257,04/07/2020,Zhejiang,Mainland China,04/07/2020 17:00,867,15,355
258,04/08/2020,Zhejiang,Mainland China,04/08/2020 17:00,876,16,358
259,04/09/2020,Zhejiang,Mainland China,04/09/2020 09:00,891,16,365
260,04/10/2020,Zhejiang,Mainland China,04/10/2020 17:00,904,17,372
261,04/11/2020,Zhejiang,Mainland China,04/11/2020 09:00,912,17,374
262,04/12/2020,Zhejiang,Mainland China,04/12/2020 21:00,919,17,377
263,04/13/2020,Zhejiang,Mainland China,04/13/2020 09:00,936,17,386
264,04/14/2020,Zhejiang,Mainland China,04/14/2020 17:00,951,17,391
265,04/15/2020,Zhejiang,Mainland China,04/15/2020 21:00,960,17,393
266,04/16/2020,Zhejiang,Mainland China,04/16/2020 21:00,969,17,397
267,04/17/2020,Zhejiang,Mainland China,04/17/2020 17:00,982,17,401
268,04/18/2020,Zhejiang,Mainland China,04/18/2020 09:00,989,17,405
269,04/19/2020,Zhejiang,Mainland China,04/19/2020 21:00,1006,17,413
270,04/20/2020,Zhejiang,Mainland China,04/20/2020 21:00,1018,18,416
271,01/22/2020,New York,US,01/22/2020 21:00,30,1,9
272,01/23/2020,New York,US,01/23/2020 17:00,62,1,19
273,01/24/2020,New York,US,01/24/2020 21:00,86,2,32
274,01/25/2020,New York,US,01/25/2020 17:00,105,2,40
275,01/26/2020,New York,US,01/26/2020 09:00,136,2,52
276,01/27/2020,New York,US,01/27/2020 17:00,151,2,59
277,01/28/2020,New York,US,01/28/2020 09:00,170,3,66
278,01/29/2020,New York,US,01/29/2020 09:00,189,3,77
279,01/30/2020,New York,US,01/30/2020 09:00,229,4,91
280,01/31/2020,New York,US,01/31/2020 17:00,252,4,99
281,02/01/2020,New York,US,02/01/2020 09:00,269,6,107
282,02/02/2020,New York,US,02/02/2020 21:00,281,6,113
283,02/03/2020,New York,US,02/03/2020 17:00,304,6,123
284,02/04/2020,New York,US,02/04/2020 09:00,335,7,133
285,02/05/2020,New York,US,02/05/2020 21:00,350,8,137
286,02/06/2020,New York,US,02/06/2020 09:00,376,8,151
287,02/07/2020,New York,US,02/07/2020 17:00,391,8,155
288,02/08/2020,New York,US,02/08/2020 21:00,403,8,161
289,02/09/2020,New York,US,02/09/2020 17:00,416,9,167
290,02/10/2020,New York,US,02/10/2020 09:00,422,9,170
291,02/11/2020,New York,US,02/11/2020 17:00,469,9,185
292,02/12/2020,New York,US,02/12/2020 09:00,487,11,194
293,02/13/2020,New York,US,02/13/2020 17:00,497,11,197
294,02/14/2020,New York,US,02/14/2020 17:00,525,12,210
295,02/15/2020,New York,US,02/15/2020 17:00,548,12,219
296,02/16/2020,New York,US,02/16/2020 21:00,569,13,230
297,02/17/2020,New York,US,02/17/2020 09:00,598,13,247
298,02/18/2020,New York,US,02/18/2020 09:00,607,14,252
299,02/19/2020,New York,US,02/19/2020 17:00,629,14,262
300,02/20/2020,New York,US,02/20/2020 17:00,663,14,279
301,02/21/2020,New York,US,02/21/2020 09:00,693,15,293
302,02/22/2020,New York,US,02/22/2020 21:00,717,15,305
303,02/23/2020,New York,US,02/23/2020 09:00,744,15,316
304,02/24/2020,New York,US,02/24/2020 09:00,761,15,323
305,02/25/2020,New York,US,02/25/2020 17:00,793,15,337
306,02/26/2020,New York,US,02/26/2020 17:00,824,20,349
307,02/27/2020,New York,US,02/27/2020 09:00,848,20,361
308,02/28/2020,New York,US,02/28/2020 21:00,894,21,387
309,02/29/2020,New York,US,02/29/2020 21:00,898,21,389
310,03/01/2020,New York,US,03/01/2020 09:00,909,21,392
311,03/02/2020,New York,US,03/02/2020 09:00,928,22,400
312,03/03/2020,New York,US,03/03/2020 17:00,949,22,411
313,03/04/2020,New York,US,03/04/2020 17:00,955,22,414
314,03/05/2020,New York,US,03/05/2020 09:00,982,23,427
315,03/06/2020,New York,US,03/06/2020 09:00,1010,25,436
316,03/07/2020,New York,US,03/07/2020 21:00,1042,26,448
317,03/08/2020,New York,US,03/08/2020 17:00,1063,27,458
318,03/09/2020,New York,US,03/09/2020 09:00,1085,27,471
319,03/10/2020,New York,US,03/10/2020 09:00,1104,27,481
320,03/11/2020,New York,US,03/11/2020 21:00,1119,27,489
321,03/12/2020,New York,US,03/12/2020 21:00,1135,27,497
322,03/13/2020,New York,US,03/13/2020 17:00,1155,27,508
323,03/14/2020,New York,US,03/14/2020 09:00,1189,28,528
324,03/15/2020,New York,US,03/15/2020 21:00,1222,28,547
325,03/16/2020,New York,US,03/16/2020 09:00,1244,29,558
326,03/17/2020,New York,US,03/17/2020 09:00,1258,29,563
327,03/18/2020,New York,US,03/18/2020 21:00,1269,30,567
328,03/19/2020,New York,US,03/19/2020 17:00,1296,31,580
329,03/20/2020,New York,US,03/20/2020 09:00,1316,31,588
330,03/21/2020,New York,US,03/21/2020 21:00,1329,31,595
331,03/22/2020,New York,US,03/22/2020 09:00,1361,31,610
332,03/23/2020,New York,US,03/23/2020 21:00,1379,31,620
333,03/24/2020,New York,US,03/24/2020 09:00,1406,31,635
334,03/25/2020,New York,US,03/25/2020 21:00,1438,31,648
335,03/26/2020,New York,US,03/26/2020 21:00,1466,31,658
336,03/27/2020,New York,US,03/27/2020 17:00,1499,33,673
337,03/28/2020,New York,US,03/28/2020 17:00,1515,33,678
338,03/29/2020,New York,US,03/29/2020 17:00,1538,33,689
339,03/30/2020,New York,US,03/30/2020 17:00,1557,33,700
340,03/31/2020,New York,US,03/31/2020 17:00,1576,33,708
341,04/01/2020,New York,US,04/01/2020 09:00,1593,33,716
342,04/02/2020,New York,US,04/02/2020 09:00,1614,33,723
343,04/03/2020,New York,US,04/03/2020 17:00,1638,34,734
344,04/04/2020,New York,US,04/04/2020 21:00,1658,34,745
345,04/05/2020,New York,US,04/05/2020 21:00,1680,34,757
346,04/06/2020,New York,US,04/06/2020 17:00,1696,34,765
347,04/07/2020,New York,US,04/07/2020 09:00,1719,34,774
348,04/08/2020,New York,US,04/08/2020 09:00,1750,35,787
349,04/09/2020,New York,US,04/09/2020 17:00,1759,35,791
350,04/10/2020,New York,US,04/10/2020 21:00,1773,35,795
351,04/11/2020,New York,US,04/11/2020 09:00,1802,37,811
352,04/12/2020,New York,US,04/12/2020 09:00,1837,37,830
353,04/13/2020,New York,US,04/13/2020 21:00,1843,37,833
354,04/14/2020,New York,US,04/14/2020 21:00,1867,37,842
355,04/15/2020,New York,US,04/15/2020 17:00,1883,37,850
356,04/16/2020,New York,US,04/16/2020 21:00,1915,39,860
357,04/17/2020,New York,US,04/17/2020 09:00,1945,41,870
358,04/18/2020,New York,US,04/18/2020 09:00,1984,41,892
359,04/19/2020,New York,US,04/19/2020 09:00,2011,42,907
360,04/20/2020,New York,US,04/20/2020 17:00,2018,42,911
361,01/22/2020,California,US,01/22/2020 21:00,69,4,28
362,01/23/2020,California,US,01/23/2020 17:00,122,5,44
363,01/24/2020,California,US,01/24/2020 21:00,187,5,71
364,01/25/2020,California,US,01/25/2020 09:00,200,5,76
365,01/26/2020,California,US,01/26/2020 17:00,270,7,117
366,01/27/2020,California,US,01/27/2020 17:00,300,8,132
367,01/28/2020,California,US,01/28/2020 21:00,353,8,161
368,01/29/2020,California,US,01/29/2020 09:00,412,9,178
369,01/30/2020,California,US,01/30/2020 21:00,446,10,191
370,01/31/2020,California,US,01/31/2020 17:00,475,10,205
371,02/01/2020,California,US,02/01/2020 21:00,533,10,222
372,02/02/2020,California,US,02/02/2020 21:00,587,11,245
373,02/03/2020,California,US,02/03/2020 09:00,635,16,264
374,02/04/2020,California,US,02/04/2020 17:00,700,18,285
375,02/05/2020,California,US,02/05/2020 09:00,751,19,303
376,02/06/2020,California,US,02/06/2020 17:00,779,21,316
377,02/07/2020,California,US,02/07/2020 21:00,807,21,325
378,02/08/2020,California,US,02/08/2020 17:00,857,21,340
379,02/09/2020,California,US,02/09/2020 17:00,920,21,363
380,02/10/2020,California,US,02/10/2020 21:00,987,23,401
381,02/11/2020,California,US,02/11/2020 21:00,1035,23,417
382,02/12/2020,California,US,02/12/2020 09:00,1052,23,422
383,02/13/2020,California,US,02/13/2020 17:00,1112,24,447
384,02/14/2020,California,US,02/14/2020 21:00,1153,26,459
385,02/15/2020,California,US,02/15/2020 21:00,1177,26,469
386,02/16/2020,California,US,02/16/2020 09:00,1221,26,489
387,02/17/2020,California,US,02/17/2020 09:00,1265,27,512
388,02/18/2020,California,US,02/18/2020 21:00,1322,29,544
389,02/19/2020,California,US,02/19/2020 09:00,1394,30,565
390,02/20/2020,California,US,02/20/2020 17:00,1438,30,579
391,02/21/2020,California,US,02/21/2020 09:00,1501,31,616
392,02/22/2020,California,US,02/22/2020 21:00,1577,31,653
393,02/23/2020,California,US,02/23/2020 17:00,1643,33,687
394,02/24/2020,California,US,02/24/2020 09:00,1666,33,697
395,02/25/2020,California,US,02/25/2020 21:00,1698,36,711
396,02/26/2020,California,US,02/26/2020 17:00,1747,39,737
397,02/27/2020,California,US,02/27/2020 17:00,1817,40,767
398,02/28/2020,California,US,02/28/2020 17:00,1856,40,779
399,02/29/2020,California,US,02/29/2020 17:00,1907,40,804
400,03/01/2020,California,US,03/01/2020 09:00,1947,43,822
401,03/02/2020,California,US,03/02/2020 09:00,1996,45,845
402,03/03/2020,California,US,03/03/2020 21:00,2066,45,869
403,03/04/2020,California,US,03/04/2020 21:00,2119,45,892
404,03/05/2020,California,US,03/05/2020 17:00,2153,46,903
405,03/06/2020,California,US,03/06/2020 21:00,2190,47,914
406,03/07/2020,California,US,03/07/2020 17:00,2248,47,936
407,03/08/2020,California,US,03/08/2020 21:00,2321,49,971
408,03/09/2020,California,US,03/09/2020 21:00,2361,52,986
409,03/10/2020,California,US,03/10/2020 21:00,2434,53,1011
410,03/11/2020,California,US,03/11/2020 21:00,2490,54,1032
411,03/12/2020,California,US,03/12/2020 09:00,2558,58,1055
412,03/13/2020,California,US,03/13/2020 17:00,2599,60,1073
413,03/14/2020,California,US,03/14/2020 21:00,2664,60,1108
414,03/15/2020,California,US,03/15/2020 17:00,2687,61,1116
415,03/16/2020,California,US,03/16/2020 21:00,2764,63,1151
416,03/17/2020,California,US,03/17/2020 09:00,2776,63,1155
417,03/18/2020,California,US,03/18/2020 17:00,2793,63,1163
418,03/19/2020,California,US,03/19/2020 21:00,2828,63,1179
419,03/20/2020,California,US,03/20/2020 17:00,2905,66,1209
420,03/21/2020,California,US,03/21/2020 21:00,2956,66,1234
421,03/22/2020,California,US,03/22/2020 17:00,3003,68,1252
422,03/23/2020,California,US,03/23/2020 21:00,3054,70,1269
423,03/24/2020,California,US,03/24/2020 17:00,3072,70,1274
424,03/25/2020,California,US,03/25/2020 17:00,3140,71,1301
425,03/26/2020,California,US,03/26/2020 17:00,3166,73,1315
426,03/27/2020,California,US,03/27/2020 09:00,3195,74,1331
427,03/28/2020,California,US,03/28/2020 17:00,3251,76,1350
428,03/29/2020,California,US,03/29/2020 21:00,3289,78,1363
429,03/30/2020,California,US,03/30/2020 09:00,3355,78,1396
430,03/31/2020,California,US,03/31/2020 09:00,3355,79,1396
431,04/01/2020,California,US,04/01/2020 21:00,3390,79,1412
432,04/02/2020,California,US,04/02/2020 09:00,3439,79,1440
433,04/03/2020,California,US,04/03/2020 21:00,3489,80,1460
434,04/04/2020,California,US,04/04/2020 17:00,3526,81,1479
435,04/05/2020,California,US,04/05/2020 09:00,3573,83,1500
436,04/06/2020,California,US,04/06/2020 21:00,3616,85,1523
437,04/07/2020,California,US,04/07/2020 17:00,3686,85,1554
438,04/08/2020,California,US,04/08/2020 09:00,3759,86,1576
439,04/09/2020,California,US,04/09/2020 21:00,3809,89,1591
440,04/10/2020,California,US,04/10/2020 17:00,3851,90,1614
441,04/11/2020,California,US,04/11/2020 21:00,3860,90,1618
442,04/12/2020,California,US,04/12/2020 21:00,3878,92,1628
443,04/13/2020,California,US,04/13/2020 21:00,3908,93,1637
444,04/14/2020,California,US,04/14/2020 21:00,3924,94,1642
445,04/15/2020,California,US,04/15/2020 09:00,3967,94,1656
446,04/16/2020,California,US,04/16/2020 09:00,4033,95,1679
447,04/17/2020,California,US,04/17/2020 17:00,4084,96,1696
448,04/18/2020,California,US,04/18/2020 09:00,4101,96,1701
449,04/19/2020,California,US,04/19/2020 21:00,4141,96,1718
450,04/20/2020,California,US,04/20/2020 17:00,4171,97,1733
451,01/22/2020,Texas,US,01/22/2020 09:00,34,0,12
452,01/23/2020,Texas,US,01/23/2020 17:00,41,0,15
453,01/24/2020,Texas,US,01/24/2020 09:00,67,1,24
454,01/25/2020,Texas,US,01/25/2020 21:00,108,3,37
455,01/26/2020,Texas,US,01/26/2020 21:00,125,4,42
456,01/27/2020,Texas,US,01/27/2020 17:00,155,5,51
457,01/28/2020,Texas,US,01/28/2020 21:00,197,5,70
458,01/29/2020,Texas,US,01/29/2020 21:00,218,6,80
459,01/30/2020,Texas,US,01/30/2020 17:00,224,6,82
460,01/31/2020,Texas,US,01/31/2020 09:00,247,9,94
461,02/01/2020,Texas,US,02/01/2020 21:00,275,10,107
462,02/02/2020,Texas,US,02/02/2020 17:00,294,10,117
463,02/03/2020,Texas,US,02/03/2020 09:00,316,11,127
464,02/04/2020,Texas,US,02/04/2020 17:00,347,12,137
465,02/05/2020,Texas,US,02/05/2020 09:00,369,12,143
466,02/06/2020,Texas,US,02/06/2020 09:00,412,13,161
467,02/07/2020,Texas,US,02/07/2020 21:00,444,14,178
468,02/08/2020,Texas,US,02/08/2020 09:00,469,14,192
469,02/09/2020,Texas,US,02/09/2020 17:00,501,15,206
470,02/10/2020,Texas,US,02/10/2020 17:00,520,15,216
471,02/11/2020,Texas,US,02/11/2020 21:00,547,15,229
472,02/12/2020,Texas,US,02/12/2020 09:00,559,15,233
473,02/13/2020,Texas,US,02/13/2020 17:00,573,15,238
474,02/14/2020,Texas,US,02/14/2020 21:00,591,15,244
475,02/15/2020,Texas,US,02/15/2020 17:00,616,15,253
476,02/16/2020,Texas,US,02/16/2020 09:00,646,16,269
477,02/17/2020,Texas,US,02/17/2020 09:00,670,17,280
478,02/18/2020,Texas,US,02/18/2020 09:00,707,18,292
479,02/19/2020,Texas,US,02/19/2020 09:00,747,18,311
480,02/20/2020,Texas,US,02/20/2020 17:00,767,18,320
481,02/21/2020,Texas,US,02/21/2020 21:00,798,18,330
482,02/22/2020,Texas,US,02/22/2020 17:00,823,20,344
483,02/23/2020,Texas,US,02/23/2020 21:00,845,20,351
484,02/24/2020,Texas,US,02/24/2020 21:00,878,20,361
485,02/25/2020,Texas,US,02/25/2020 17:00,899,20,370
486,02/26/2020,Texas,US,02/26/2020 21:00,914,20,377
487,02/27/2020,Texas,US,02/27/2020 21:00,959,20,392
488,02/28/2020,Texas,US,02/28/2020 21:00,980,21,404
489,02/29/2020,Texas,US,02/29/2020 21:00,1003,22,417
490,03/01/2020,Texas,US,03/01/2020 17:00,1032,23,432
491,03/02/2020,Texas,US,03/02/2020 21:00,1037,23,434
492,03/03/2020,Texas,US,03/03/2020 17:00,1057,23,440
493,03/04/2020,Texas,US,03/04/2020 09:00,1074,23,450
494,03/05/2020,Texas,US,03/05/2020 21:00,1100,23,463
495,03/06/2020,Texas,US,03/06/2020 17:00,1123,24,470
496,03/07/2020,Texas,US,03/07/2020 21:00,1150,25,482
497,03/08/2020,Texas,US,03/08/2020 17:00,1178,26,493
498,03/09/2020,Texas,US,03/09/2020 21:00,1209,28,503
499,03/10/2020,Texas,US,03/10/2020 09:00,1235,28,511
500,03/11/2020,Texas,US,03/11/2020 09:00,1286,29,536
501,03/12/2020,Texas,US,03/12/2020 17:00,1319,30,553
502,03/13/2020,Texas,US,03/13/2020 09:00,1339,30,559
503,03/14/2020,Texas,US,03/14/2020 09:00,1367,30,571
504,03/15/2020,Texas,US,03/15/2020 09:00,1397,30,588
505,03/16/2020,Texas,US,03/16/2020 17:00,1414,31,598
506,03/17/2020,Texas,US,03/17/2020 21:00,1427,31,605
507,03/18/2020,Texas,US,03/18/2020 17:00,1448,32,616
508,03/19/2020,Texas,US,03/19/2020 17:00,1455,32,618
509,03/20/2020,Texas,US,03/20/2020 09:00,1477,32,625
510,03/21/2020,Texas,US,03/21/2020 21:00,1496,32,631
511,03/22/2020,Texas,US,03/22/2020 09:00,1527,33,643
512,03/23/2020,Texas,US,03/23/2020 09:00,1554,34,652
513,03/24/2020,Texas,US,03/24/2020 21:00,1578,34,665
514,03/25/2020,Texas,US,03/25/2020 21:00,1620,36,683
515,03/26/2020,Texas,US,03/26/2020 09:00,1627,36,685
516,03/27/2020,Texas,US,03/27/2020 21:00,1637,36,689
517,03/28/2020,Texas,US,03/28/2020 09:00,1670,38,703
518,03/29/2020,Texas,US,03/29/2020 17:00,1690,39,713
519,03/30/2020,Texas,US,03/30/2020 21:00,1719,40,728
520,03/31/2020,Texas,US,03/31/2020 21:00,1755,40,747
521,04/01/2020,Texas,US,04/01/2020 17:00,1775,40,756
522,04/02/2020,Texas,US,04/02/2020 09:00,1792,40,763
523,04/03/2020,Texas,US,04/03/2020 21:00,1814,40,774
524,04/04/2020,Texas,US,04/04/2020 17:00,1842,41,783
525,04/05/2020,Texas,US,04/05/2020 17:00,1863,41,793
526,04/06/2020,Texas,US,04/06/2020 21:00,1890,42,801
527,04/07/2020,Texas,US,04/07/2020 17:00,1900,42,804
528,04/08/2020,Texas,US,04/08/2020 21:00,1938,42,824
529,04/09/2020,Texas,US,04/09/2020 21:00,1956,42,830
530,04/10/2020,Texas,US,04/10/2020 21:00,1991,43,848
531,04/11/2020,Texas,US,04/11/2020 09:00,2011,43,857
532,04/12/2020,Texas,US,04/12/2020 21:00,2019,43,860
533,04/13/2020,Texas,US,04/13/2020 17:00,2048,44,870
534,04/14/2020,Texas,US,04/14/2020 21:00,2080,44,880
535,04/15/2020,Texas,US,04/15/2020 17:00,2096,44,887
536,04/16/2020,Texas,US,04/16/2020 09:00,2114,45,894
537,04/17/2020,Texas,US,04/17/2020 17:00,2129,45,899
538,04/18/2020,Texas,US,04/18/2020 09:00,2165,45,913
539,04/19/2020,Texas,US,04/19/2020 21:00,2203,46,924
540,04/20/2020,Texas,US,04/20/2020 09:00,2213,46,927
541,01/22/2020,New South Wales,Australia,01/22/2020 09:00,56,1,31
542,01/23/2020,New South Wales,Australia,01/23/2020 09:00,108,1,47
543,01/24/2020,New South Wales,Australia,01/24/2020 21:00,129,2,53
544,01/25/2020,New South Wales,Australia,01/25/2020 17:00,183,2,83
545,01/26/2020,New South Wales,Australia,01/26/2020 17:00,218,3,95
546,01/27/2020,New South Wales,Australia,01/27/2020 09:00,237,3,102
547,01/28/2020,New South Wales,Australia,01/28/2020 09:00,286,4,125
548,01/29/2020,New South Wales,Australia,01/29/2020 17:00,331,4,141
549,01/30/2020,New South Wales,Australia,01/30/2020 17:00,373,7,165
550,01/31/2020,New South Wales,Australia,01/31/2020 17:00,404,8,180
551,02/01/2020,New South Wales,Australia,02/01/2020 09:00,458,8,200
552,02/02/2020,New South Wales,Australia,02/02/2020 21:00,509,8,227
553,02/03/2020,New South Wales,Australia,02/03/2020 09:00,544,9,242
554,02/04/2020,New South Wales,Australia,02/04/2020 17:00,599,9,274
555,02/05/2020,New South Wales,Australia,02/05/2020 17:00,650,10,301
556,02/06/2020,New South Wales,Australia,02/06/2020 21:00,683,10,317
557,02/07/2020,New South Wales,Australia,02/07/2020 09:00,722,10,337
558,02/08/2020,New South Wales,Australia,02/08/2020 09:00,740,10,344
559,02/09/2020,New South Wales,Australia,02/09/2020 21:00,812,12,380
560,02/10/2020,New South Wales,Australia,02/10/2020 21:00,885,13,407
561,02/11/2020,New South Wales,Australia,02/11/2020 17:00,895,13,411
562,02/12/2020,New South Wales,Australia,02/12/2020 21:00,964,13,451
563,02/13/2020,New South Wales,Australia,02/13/2020 17:00,1011,16,467
564,02/14/2020,New South Wales,Australia,02/14/2020 09:00,1055,18,488
565,02/15/2020,New South Wales,Australia,02/15/2020 09:00,1113,19,518
566,02/16/2020,New South Wales,Australia,02/16/2020 17:00,1130,19,525
567,02/17/2020,New South Wales,Australia,02/17/2020 21:00,1139,19,528
568,02/18/2020,New South Wales,Australia,02/18/2020 09:00,1192,20,556
569,02/19/2020,New South Wales,Australia,02/19/2020 09:00,1215,20,566
570,02/20/2020,New South Wales,Australia,02/20/2020 21:00,1273,23,583
571,02/21/2020,New South Wales,Australia,02/21/2020 17:00,1305,23,594
572,02/22/2020,New South Wales,Australia,02/22/2020 09:00,1386,26,631
573,02/23/2020,New South Wales,Australia,02/23/2020 09:00,1436,27,649
574,02/24/2020,New South Wales,Australia,02/24/2020 17:00,1440,27,650
575,02/25/2020,New South Wales,Australia,02/25/2020 17:00,1514,29,691
576,02/26/2020,New South Wales,Australia,02/26/2020 09:00,1562,32,711
577,02/27/2020,New South Wales,Australia,02/27/2020 17:00,1601,32,724
578,02/28/2020,New South Wales,Australia,02/28/2020 09:00,1649,33,741
579,02/29/2020,New South Wales,Australia,02/29/2020 21:00,1703,33,765
580,03/01/2020,New South Wales,Australia,03/01/2020 17:00,1760,34,798
581,03/02/2020,New South Wales,Australia,03/02/2020 21:00,1768,34,800
582,03/03/2020,New South Wales,Australia,03/03/2020 17:00,1821,35,828
583,03/04/2020,New South Wales,Australia,03/04/2020 17:00,1851,36,844
584,03/05/2020,New South Wales,Australia,03/05/2020 09:00,1876,36,854
585,03/06/2020,New South Wales,Australia,03/06/2020 17:00,1930,38,882
586,03/07/2020,New South Wales,Australia,03/07/2020 17:00,1971,40,903
587,03/08/2020,New South Wales,Australia,03/08/2020 17:00,2030,41,934
588,03/09/2020,New South Wales,Australia,03/09/2020 17:00,2042,41,939
589,03/10/2020,New South Wales,Australia,03/10/2020 21:00,2096,43,956
590,03/11/2020,New South Wales,Australia,03/11/2020 09:00,2138,44,979
591,03/12/2020,New South Wales,Australia,03/12/2020 21:00,2172,44,994
592,03/13/2020,New South Wales,Australia,03/13/2020 21:00,2225,44,1018
593,03/14/2020,New South Wales,Australia,03/14/2020 09:00,2279,44,1041
594,03/15/2020,New South Wales,Australia,03/15/2020 21:00,2328,45,1064
595,03/16/2020,New South Wales,Australia,03/16/2020 17:00,2374,45,1085
596,03/17/2020,New South Wales,Australia,03/17/2020 17:00,2429,47,1115
597,03/18/2020,New South Wales,Australia,03/18/2020 17:00,2473,49,1139
598,03/19/2020,New South Wales,Australia,03/19/2020 09:00,2525,49,1160
599,03/20/2020,New South Wales,Australia,03/20/2020 17:00,2563,50,1172
600,03/21/2020,New South Wales,Australia,03/21/2020 17:00,2571,50,1176
601,03/22/2020,New South Wales,Australia,03/22/2020 21:00,2640,51,1201
602,03/23/2020,New South Wales,Australia,03/23/2020 17:00,2681,51,1225
603,03/24/2020,New South Wales,Australia,03/24/2020 09:00,2699,52,1231
604,03/25/2020,New South Wales,Australia,03/25/2020 09:00,2726,52,1240
605,03/26/2020,New South Wales,Australia,03/26/2020 21:00,2769,53,1254
606,03/27/2020,New South Wales,Australia,03/27/2020 09:00,2808,54,1271
607,03/28/2020,New South Wales,Australia,03/28/2020 17:00,2848,54,1284
608,03/29/2020,New South Wales,Australia,03/29/2020 21:00,2912,54,1312
609,03/30/2020,New South Wales,Australia,03/30/2020 09:00,2964,54,1341
610,03/31/2020,New South Wales,Australia,03/31/2020 17:00,2969,56,1343
611,04/01/2020,New South Wales,Australia,04/01/2020 17:00,3006,56,1358
612,04/02/2020,New South Wales,Australia,04/02/2020 21:00,3054,58,1374
613,04/03/2020,New South Wales,Australia,04/03/2020 09:00,3101,58,1395
614,04/04/2020,New South Wales,Australia,04/04/2020 09:00,3130,59,1411
615,04/05/2020,New South Wales,Australia,04/05/2020 21:00,3179,61,1430
616,04/06/2020,New South Wales,Australia,04/06/2020 17:00,3228,64,1453
617,04/07/2020,New South Wales,Australia,04/07/2020 21:00,3295,65,1487
618,04/08/2020,New South Wales,Australia,04/08/2020 17:00,3315,66,1496
619,04/09/2020,New South Wales,Australia,04/09/2020 09:00,3372,67,1517
620,04/10/2020,New South Wales,Australia,04/10/2020 21:00,3424,67,1533
621,04/11/2020,New South Wales,Australia,04/11/2020 17:00,3493,68,1560
622,04/12/2020,New South Wales,Australia,04/12/2020 09:00,3548,69,1581
623,04/13/2020,New South Wales,Australia,04/13/2020 17:00,3577,71,1596
624,04/14/2020,New South Wales,Australia,04/14/2020 21:00,3631,72,1621
625,04/15/2020,New South Wales,Australia,04/15/2020 17:00,3653,73,1629
626,04/16/2020,New South Wales,Australia,04/16/2020 09:00,3679,74,1638
627,04/17/2020,New South Wales,Australia,04/17/2020 17:00,3717,74,1655
628,04/18/2020,New South Wales,Australia,04/18/2020 21:00,3740,74,1663
629,04/19/2020,New South Wales,Australia,04/19/2020 09:00,3800,75,1694
630,04/20/2020,New South Wales,Australia,04/20/2020 21:00,3835,76,1706
631,01/22/2020,Victoria,Australia,01/22/2020 21:00,14,0,5
632,01/23/2020,Victoria,Australia,01/23/2020 09:00,31,0,12
633,01/24/2020,Victoria,Australia,01/24/2020 09:00,49,0,18
634,01/25/2020,Victoria,Australia,01/25/2020 09:00,71,0,26
635,01/26/2020,Victoria,Australia,01/26/2020 21:00,89,1,34
636,01/27/2020,Victoria,Australia,01/27/2020 21:00,104,1,39
637,01/28/2020,Victoria,Australia,01/28/2020 17:00,131,3,50
638,01/29/2020,Victoria,Australia,01/29/2020 21:00,156,3,63
639,01/30/2020,Victoria,Australia,01/30/2020 21:00,166,3,67
640,01/31/2020,Victoria,Australia,01/31/2020 17:00,174,3,71
641,02/01/2020,Victoria,Australia,02/01/2020 09:00,193,3,81
642,02/02/2020,Victoria,Australia,02/02/2020 09:00,206,3,86
643,02/03/2020,Victoria,Australia,02/03/2020 17:00,213,3,88
644,02/04/2020,Victoria,Australia,02/04/2020 21:00,225,4,92
645,02/05/2020,Victoria,Australia,02/05/2020 09:00,242,4,98
646,02/06/2020,Victoria,Australia,02/06/2020 09:00,254,4,105
647,02/07/2020,Victoria,Australia,02/07/2020 09:00,263,5,109
648,02/08/2020,Victoria,Australia,02/08/2020 09:00,277,5,115
649,02/09/2020,Victoria,Australia,02/09/2020 09:00,298,7,124
650,02/10/2020,Victoria,Australia,02/10/2020 21:00,300,8,124
651,02/11/2020,Victoria,Australia,02/11/2020 09:00,306,8,126
652,02/12/2020,Victoria,Australia,02/12/2020 17:00,326,8,134
653,02/13/2020,Victoria,Australia,02/13/2020 17:00,332,8,136
654,02/14/2020,Victoria,Australia,02/14/2020 09:00,338,8,138
655,02/15/2020,Victoria,Australia,02/15/2020 21:00,352,8,146
656,02/16/2020,Victoria,Australia,02/16/2020 21:00,378,9,157
657,02/17/2020,Victoria,Australia,02/17/2020 09:00,390,9,163
658,02/18/2020,Victoria,Australia,02/18/2020 09:00,407,9,172
659,02/19/2020,Victoria,Australia,02/19/2020 21:00,429,9,183
660,02/20/2020,Victoria,Australia,02/20/2020 17:00,449,10,189
661,02/21/2020,Victoria,Australia,02/21/2020 21:00,466,10,195
662,02/22/2020,Victoria,Australia,02/22/2020 09:00,481,11,199
663,02/23/2020,Victoria,Australia,02/23/2020 17:00,495,11,206
664,02/24/2020,Victoria,Australia,02/24/2020 09:00,510,12,212
665,02/25/2020,Victoria,Australia,02/25/2020 17:00,520,13,217
666,02/26/2020,Victoria,Australia,02/26/2020 09:00,523,13,218
667,02/27/2020,Victoria,Australia,02/27/2020 21:00,527,14,219
668,02/28/2020,Victoria,Australia,02/28/2020 09:00,538,14,223
669,02/29/2020,Victoria,Australia,02/29/2020 21:00,550,14,230
670,03/01/2020,Victoria,Australia,03/01/2020 09:00,569,14,235
671,03/02/2020,Victoria,Australia,03/02/2020 17:00,592,15,244
672,03/03/2020,Victoria,Australia,03/03/2020 21:00,618,16,256
673,03/04/2020,Victoria,Australia,03/04/2020 17:00,628,16,260
674,03/05/2020,Victoria,Australia,03/05/2020 09:00,641,17,267
675,03/06/2020,Victoria,Australia,03/06/2020 17:00,650,17,271
676,03/07/2020,Victoria,Australia,03/07/2020 17:00,656,18,273
677,03/08/2020,Victoria,Australia,03/08/2020 17:00,669,19,277
678,03/09/2020,Victoria,Australia,03/09/2020 09:00,689,19,287
679,03/10/2020,Victoria,Australia,03/10/2020 09:00,695,19,289
680,03/11/2020,Victoria,Australia,03/11/2020 21:00,707,20,296
681,03/12/2020,Victoria,Australia,03/12/2020 17:00,730,20,305
682,03/13/2020,Victoria,Australia,03/13/2020 09:00,740,20,309
683,03/14/2020,Victoria,Australia,03/14/2020 21:00,751,20,312
684,03/15/2020,Victoria,Australia,03/15/2020 17:00,764,20,317
685,03/16/2020,Victoria,Australia,03/16/2020 17:00,775,20,321
686,03/17/2020,Victoria,Australia,03/17/2020 21:00,784,20,324
687,03/18/2020,Victoria,Australia,03/18/2020 21:00,791,21,326
688,03/19/2020,Victoria,Australia,03/19/2020 21:00,807,21,332
689,03/20/2020,Victoria,Australia,03/20/2020 09:00,809,22,332
690,03/21/2020,Victoria,Australia,03/21/2020 21:00,823,22,337
691,03/22/2020,Victoria,Australia,03/22/2020 21:00,844,22,345
692,03/23/2020,Victoria,Australia,03/23/2020 17:00,855,22,351
693,03/24/2020,Victoria,Australia,03/24/2020 09:00,869,22,356
694,03/25/2020,Victoria,Australia,03/25/2020 21:00,883,22,362
695,03/26/2020,Victoria,Australia,03/26/2020 09:00,906,22,373
696,03/27/2020,Victoria,Australia,03/27/2020 21:00,918,23,379
697,03/28/2020,Victoria,Australia,03/28/2020 17:00,933,23,386
698,03/29/2020,Victoria,Australia,03/29/2020 17:00,948,24,390
699,03/30/2020,Victoria,Australia,03/30/2020 21:00,971,25,403
700,03/31/2020,Victoria,Australia,03/31/2020 17:00,981,25,406
701,04/01/2020,Victoria,Australia,04/01/2020 21:00,997,25,413
702,04/02/2020,Victoria,Australia,04/02/2020 09:00,1012,25,421
703,04/03/2020,Victoria,Australia,04/03/2020 17:00,1022,25,426
704,04/04/2020,Victoria,Australia,04/04/2020 17:00,1038,25,434
705,04/05/2020,Victoria,Australia,04/05/2020 17:00,1057,25,442
706,04/06/2020,Victoria,Australia,04/06/2020 17:00,1072,25,450
707,04/07/2020,Victoria,Australia,04/07/2020 17:00,1093,28,462
708,04/08/2020,Victoria,Australia,04/08/2020 17:00,1111,28,470
709,04/09/2020,Victoria,Australia,04/09/2020 09:00,1119,28,472
710,04/10/2020,Victoria,Australia,04/10/2020 21:00,1142,31,481
711,04/11/2020,Victoria,Australia,04/11/2020 17:00,1161,32,489
712,04/12/2020,Victoria,Australia,04/12/2020 21:00,1167,32,492
713,04/13/2020,Victoria,Australia,04/13/2020 17:00,1170,33,493
714,04/14/2020,Victoria,Australia,04/14/2020 21:00,1174,33,494
715,04/15/2020,Victoria,Australia,04/15/2020 21:00,1182,33,497
716,04/16/2020,Victoria,Australia,04/16/2020 17:00,1196,33,501
717,04/17/2020,Victoria,Australia,04/17/2020 21:00,1208,33,507
718,04/18/2020,Victoria,Australia,04/18/2020 17:00,1219,34,510
719,04/19/2020,Victoria,Australia,04/19/2020 17:00,1235,34,517
720,04/20/2020,Victoria,Australia,04/20/2020 17:00,1252,34,523
721,01/22/2020,,Mexico,01/22/2020 09:00,27,0,15
722,01/23/2020,,Mexico,01/23/2020 17:00,111,0,58
723,01/24/2020,,Mexico,01/24/2020 09:00,188,2,81
724,01/25/2020,,Mexico,01/25/2020 09:00,219,3,94
725,01/26/2020,,Mexico,01/26/2020 17:00,294,3,120
726,01/27/2020,,Mexico,01/27/2020 09:00,366,3,158
727,01/28/2020,,Mexico,01/28/2020 17:00,411,3,178
728,01/29/2020,,Mexico,01/29/2020 09:00,464,3,197
729,01/30/2020,,Mexico,01/30/2020 21:00,497,4,212
730,01/31/2020,,Mexico,01/31/2020 09:00,585,5,262
731,02/01/2020,,Mexico,02/01/2020 21:00,659,7,304
732,02/02/2020,,Mexico,02/02/2020 09:00,693,7,316
733,02/03/2020,,Mexico,02/03/2020 17:00,758,9,336
734,02/04/2020,,Mexico,02/04/2020 17:00,803,10,352
735,02/05/2020,,Mexico,02/05/2020 17:00,853,10,371
736,02/06/2020,,Mexico,02/06/2020 21:00,903,10,388
737,02/07/2020,,Mexico,02/07/2020 09:00,960,11,415
738,02/08/2020,,Mexico,02/08/2020 17:00,1019,11,440
739,02/09/2020,,Mexico,02/09/2020 21:00,1029,12,443
740,02/10/2020,,Mexico,02/10/2020 09:00,1102,14,471
741,02/11/2020,,Mexico,02/11/2020 17:00,1164,15,500
742,02/12/2020,,Mexico,02/12/2020 21:00,1203,16,513
743,02/13/2020,,Mexico,02/13/2020 21:00,1238,16,527
744,02/14/2020,,Mexico,02/14/2020 17:00,1300,17,557
745,02/15/2020,,Mexico,02/15/2020 21:00,1374,18,590
746,02/16/2020,,Mexico,02/16/2020 17:00,1419,18,605
747,02/17/2020,,Mexico,02/17/2020 21:00,1472,19,624
748,02/18/2020,,Mexico,02/18/2020 09:00,1490,19,633
749,02/19/2020,,Mexico,02/19/2020 21:00,1518,20,649
750,02/20/2020,,Mexico,02/20/2020 21:00,1582,21,671
751,02/21/2020,,Mexico,02/21/2020 09:00,1646,21,708
752,02/22/2020,,Mexico,02/22/2020 17:00,1669,21,721
753,02/23/2020,,Mexico,02/23/2020 21:00,1700,22,738
754,02/24/2020,,Mexico,02/24/2020 21:00,1710,23,741
755,02/25/2020,,Mexico,02/25/2020 21:00,1774,23,775
756,02/26/2020,,Mexico,02/26/2020 09:00,1826,23,793
757,02/27/2020,,Mexico,02/27/2020 21:00,1869,24,813
758,02/28/2020,,Mexico,02/28/2020 09:00,1906,25,827
759,02/29/2020,,Mexico,02/29/2020 09:00,1950,25,848
760,03/01/2020,,Mexico,03/01/2020 09:00,1963,25,854
761,03/02/2020,,Mexico,03/02/2020 21:00,2035,28,878
762,03/03/2020,,Mexico,03/03/2020 09:00,2116,29,913
763,03/04/2020,,Mexico,03/04/2020 09:00,2179,30,946
764,03/05/2020,,Mexico,03/05/2020 21:00,2214,31,962
765,03/06/2020,,Mexico,03/06/2020 21:00,2273,31,983
766,03/07/2020,,Mexico,03/07/2020 17:00,2296,32,995
767,03/08/2020,,Mexico,03/08/2020 21:00,2312,32,1003
768,03/09/2020,,Mexico,03/09/2020 17:00,2357,33,1027
769,03/10/2020,,Mexico,03/10/2020 21:00,2419,37,1049
770,03/11/2020,,Mexico,03/11/2020 09:00,2491,38,1088
771,03/12/2020,,Mexico,03/12/2020 17:00,2560,38,1126
772,03/13/2020,,Mexico,03/13/2020 17:00,2612,39,1144
773,03/14/2020,,Mexico,03/14/2020 17:00,2651,40,1160
774,03/15/2020,,Mexico,03/15/2020 09:00,2696,41,1174
775,03/16/2020,,Mexico,03/16/2020 21:00,2745,42,1194
776,03/17/2020,,Mexico,03/17/2020 09:00,2794,45,1216
777,03/18/2020,,Mexico,03/18/2020 09:00,2813,47,1226
778,03/19/2020,,Mexico,03/19/2020 21:00,2837,47,1233
779,03/20/2020,,Mexico,03/20/2020 17:00,2880,47,1257
780,03/21/2020,,Mexico,03/21/2020 09:00,2915,48,1274
781,03/22/2020,,Mexico,03/22/2020 21:00,2973,50,1296
782,03/23/2020,,Mexico,03/23/2020 09:00,2993,51,1306
783,03/24/2020,,Mexico,03/24/2020 09:00,3036,51,1327
784,03/25/2020,,Mexico,03/25/2020 09:00,3083,53,1354
785,03/26/2020,,Mexico,03/26/2020 17:00,3162,56,1393
786,03/27/2020,,Mexico,03/27/2020 21:00,3213,57,1410
787,03/28/2020,,Mexico,03/28/2020 17:00,3282,57,1446
788,03/29/2020,,Mexico,03/29/2020 09:00,3296,57,1451
789,03/30/2020,,Mexico,03/30/2020 21:00,3367,59,1474
790,03/31/2020,,Mexico,03/31/2020 09:00,3401,59,1492
791,04/01/2020,,Mexico,04/01/2020 17:00,3442,59,1511
792,04/02/2020,,Mexico,04/02/2020 09:00,3464,59,1523
793,04/03/2020,,Mexico,04/03/2020 17:00,3499,59,1537
794,04/04/2020,,Mexico,04/04/2020 21:00,3578,63,1574
795,04/05/2020,,Mexico,04/05/2020 21:00,3630,63,1603
796,04/06/2020,,Mexico,04/06/2020 09:00,3694,64,1628
797,04/07/2020,,Mexico,04/07/2020 17:00,3753,65,1659
798,04/08/2020,,Mexico,04/08/2020 17:00,3792,66,1673
799,04/09/2020,,Mexico,04/09/2020 21:00,3839,67,1696
800,04/10/2020,,Mexico,04/10/2020 09:00,3892,68,1720
801,04/11/2020,,Mexico,04/11/2020 21:00,3937,70,1743
802,04/12/2020,,Mexico,04/12/2020 17:00,3963,70,1752
803,04/13/2020,,Mexico,04/13/2020 21:00,4004,71,1769
804,04/14/2020,,Mexico,04/14/2020 17:00,4004,71,1769
805,04/15/2020,,Mexico,04/15/2020 17:00,4069,74,1793
806,04/16/2020,,Mexico,04/16/2020 09:00,4135,76,1825
807,04/17/2020,,Mexico,04/17/2020 09:00,4209,77,1869
808,04/18/2020,,Mexico,04/18/2020 09:00,4262,78,1892
809,04/19/2020,,Mexico,04/19/2020 21:00,4319,78,1925
810,04/20/2020,,Mexico,04/20/2020 21:00,4365,78,1939
811,01/22/2020,,France,01/22/2020 09:00,88,1,33
812,01/23/2020,,France,01/23/2020 21:00,153,1,59
813,01/24/2020,,France,01/24/2020 09:00,177,1,71
814,01/25/2020,,France,01/25/2020 17:00,253,2,100
815,01/26/2020,,France,01/26/2020 09:00,274,3,108
816,01/27/2020,,France,01/27/2020 21:00,334,3,133
817,01/28/2020,,France,01/28/2020 17:00,392,6,151
818,01/29/2020,,France,01/29/2020 21:00,473,7,177
819,01/30/2020,,France,01/30/2020 21:00,517,7,190
820,01/31/2020,,France,01/31/2020 21:00,542,8,200
821,02/01/2020,,France,02/01/2020 17:00,608,9,236
822,02/02/2020,,France,02/02/2020 21:00,649,11,248
823,02/03/2020,,France,02/03/2020 21:00,711,12,281
824,02/04/2020,,France,02/04/2020 21:00,777,15,306
825,02/05/2020,,France,02/05/2020 09:00,810,15,318
826,02/06/2020,,France,02/06/2020 09:00,881,15,347
827,02/07/2020,,France,02/07/2020 09:00,964,18,384
828,02/08/2020,,France,02/08/2020 17:00,1011,20,403
829,02/09/2020,,France,02/09/2020 17:00,1065,21,434
830,02/10/2020,,France,02/10/2020 21:00,1112,21,460
831,02/11/2020,,France,02/11/2020 09:00,1137,21,471
832,02/12/2020,,France,02/12/2020 17:00,1193,22,495
833,02/13/2020,,France,02/13/2020 21:00,1241,23,513
834,02/14/2020,,France,02/14/2020 21:00,1289,24,540
835,02/15/2020,,France,02/15/2020 09:00,1337,25,559
836,02/16/2020,,France,02/16/2020 17:00,1404,26,583
837,02/17/2020,,France,02/17/2020 09:00,1451,26,597
838,02/18/2020,,France,02/18/2020 17:00,1510,26,619
839,02/19/2020,,France,02/19/2020 21:00,1559,27,641
840,02/20/2020,,France,02/20/2020 21:00,1608,29,670
841,02/21/2020,,France,02/21/2020 17:00,1661,29,695
842,02/22/2020,,France,02/22/2020 17:00,1678,29,704
843,02/23/2020,,France,02/23/2020 17:00,1750,34,735
844,02/24/2020,,France,02/24/2020 17:00,1804,40,763
845,02/25/2020,,France,02/25/2020 17:00,1876,40,799
846,02/26/2020,,France,02/26/2020 21:00,1951,43,840
847,02/27/2020,,France,02/27/2020 09:00,2042,43,881
848,02/28/2020,,France,02/28/2020 21:00,2076,44,895
849,02/29/2020,,France,02/29/2020 17:00,2144,45,923
850,03/01/2020,,France,03/01/2020 17:00,2207,46,949
851,03/02/2020,,France,03/02/2020 17:00,2235,47,958
852,03/03/2020,,France,03/03/2020 21:00,2289,52,988
853,03/04/2020,,France,03/04/2020 21:00,2358,53,1010
854,03/05/2020,,France,03/05/2020 09:00,2437,55,1049
855,03/06/2020,,France,03/06/2020 17:00,2473,55,1068
856,03/07/2020,,France,03/07/2020 09:00,2520,56,1089
857,03/08/2020,,France,03/08/2020 21:00,2585,58,1122
858,03/09/2020,,France,03/09/2020 17:00,2657,59,1144
859,03/10/2020,,France,03/10/2020 09:00,2710,59,1161
860,03/11/2020,,France,03/11/2020 09:00,2761,59,1179
861,03/12/2020,,France,03/12/2020 17:00,2808,60,1195
862,03/13/2020,,France,03/13/2020 17:00,2857,60,1217
863,03/14/2020,,France,03/14/2020 21:00,2901,63,1233
864,03/15/2020,,France,03/15/2020 17:00,2936,64,1249
865,03/16/2020,,France,03/16/2020 09:00,2962,65,1257
866,03/17/2020,,France,03/17/2020 21:00,3036,65,1295
867,03/18/2020,,France,03/18/2020 21:00,3069,67,1314
868,03/19/2020,,France,03/19/2020 09:00,3090,68,1323
869,03/20/2020,,France,03/20/2020 09:00,3103,69,1327
870,03/21/2020,,France,03/21/2020 21:00,3124,69,1334
871,03/22/2020,,France,03/22/2020 21:00,3213,69,1369
872,03/23/2020,,France,03/23/2020 21:00,3279,69,1397
873,03/24/2020,,France,03/24/2020 21:00,3326,70,1423
874,03/25/2020,,France,03/25/2020 17:00,3359,71,1441
875,03/26/2020,,France,03/26/2020 21:00,3398,71,1463
876,03/27/2020,,France,03/27/2020 09:00,3437,71,1480
877,03/28/2020,,France,03/28/2020 17:00,3483,71,1503
878,03/29/2020,,France,03/29/2020 17:00,3564,72,1542
879,03/30/2020,,France,03/30/2020 17:00,3647,74,1570
880,03/31/2020,,France,03/31/2020 21:00,3689,76,1588
881,04/01/2020,,France,04/01/2020 09:00,3699,78,1592
882,04/02/2020,,France,04/02/2020 17:00,3771,81,1634
883,04/03/2020,,France,04/03/2020 17:00,3795,83,1646
884,04/04/2020,,France,04/04/2020 21:00,3844,87,1669
885,04/05/2020,,France,04/05/2020 17:00,3883,89,1685
886,04/06/2020,,France,04/06/2020 17:00,3920,89,1701
887,04/07/2020,,France,04/07/2020 17:00,3930,89,1704
888,04/08/2020,,France,04/08/2020 17:00,3981,90,1722
889,04/09/2020,,France,04/09/2020 17:00,3996,90,1727
890,04/10/2020,,France,04/10/2020 21:00,4045,90,1750
891,04/11/2020,,France,04/11/2020 21:00,4101,90,1773
892,04/12/2020,,France,04/12/2020 09:00,4154,90,1790
893,04/13/2020,,France,04/13/2020 21:00,4193,92,1807
894,04/14/2020,,France,04/14/2020 17:00,4236,92,1822
895,04/15/2020,,France,04/15/2020 21:00,4274,94,1844
896,04/16/2020,,France,04/16/2020 17:00,4306,94,1853
897,04/17/2020,,France,04/17/2020 17:00,4342,94,1864
898,04/18/2020,,France,04/18/2020 17:00,4422,94,1901
899,04/19/2020,,France,04/19/2020 21:00,4477,97,1930
900,04/20/2020,,France,04/20/2020 09:00,4529,97,1958
